mask,fill,layer,metric,mean,ci_low,ci_high,n
temporal_front,mean,1,drop,0.010536598441775196,0.00652700633366563,0.01492694260055048,14
temporal_front,mean,1,time_gain,0.005288962975850196,0.0023491159156631006,0.008466032798313518,14
temporal_front,mean,1,random_gain,0.0075870009352166905,0.004226774404894802,0.011114300902248117,14
temporal_front,mean,1,vs_p12,0.001156309196356231,-0.0027330007716842575,0.005245705022259054,14
temporal_front,mean,2,drop,0.008218181692797057,0.006715595877267428,0.009904718598185354,14
temporal_front,mean,2,time_gain,0.004296166542777685,0.0032237755636823464,0.005396384063621768,14
temporal_front,mean,2,random_gain,0.00526858418623855,0.004072047107163669,0.006414006887745314,14
temporal_front,mean,2,vs_p12,-0.001162107552621908,-0.003638434784273128,0.001119662846106585,14
temporal_front,mean,3,drop,0.011796013376733012,0.00928721174190085,0.01422665491064133,14
temporal_front,mean,3,time_gain,0.004618847527633828,0.002923860554223521,0.006399748899335409,14
temporal_front,mean,3,random_gain,0.008846415870174505,0.0068242928329378125,0.011011050222087098,14
temporal_front,mean,3,vs_p12,0.002415724131314047,-0.0009887284136968837,0.005721826729729525,14
temporal_front,mean,4,drop,0.00611568381540295,0.0030479525872881886,0.009858569886475682,14
temporal_front,mean,4,time_gain,0.0033934425299875595,0.0015219317015791778,0.005628221816686503,14
temporal_front,mean,4,random_gain,0.003166086308844444,5.3041369755253714e-05,0.006571473436318536,14
temporal_front,mean,4,vs_p12,-0.003264605430016015,-0.008243671054080338,0.0016437783150490622,14
temporal_front,mean,5,drop,0.004863763355534821,0.0028715850450080575,0.008158478887549904,14
temporal_front,mean,5,time_gain,-0.0005527678870083574,-0.002974925580922224,0.002551458913691712,14
temporal_front,mean,5,random_gain,0.0019141658489763148,-0.000172233705620488,0.004831777399381277,14
temporal_front,mean,5,vs_p12,-0.004516525889884144,-0.008763372068404269,-4.9443402813808026e-05,14
temporal_front,mean,6,drop,0.0046388425130953915,0.002297135794275569,0.007282913257301188,14
temporal_front,mean,6,time_gain,0.0013695472578804052,0.00020084398333490935,0.0027153142050766006,14
temporal_front,mean,6,random_gain,0.0016892450065368856,0.0001536641234988937,0.0033186143974804415,14
temporal_front,mean,6,vs_p12,-0.004741446732323573,-0.007232383228498489,-0.0021871818314508603,14
temporal_front,mean,7,drop,0.00839851364860066,0.005265089502675578,0.01168148504356305,14
temporal_front,mean,7,time_gain,-0.0003385053332406569,-0.002325958309301195,0.0018671163339115805,14
temporal_front,mean,7,random_gain,0.005448916142042155,0.0027581942593702053,0.008183904653625748,14
temporal_front,mean,7,vs_p12,-0.0009817755968183034,-0.003589649231207649,0.0017486244590740635,14
temporal_front,mean,8,drop,0.004424077229038695,0.0028839660771669442,0.006574344541008588,14
temporal_front,mean,8,time_gain,0.0016121922065101201,0.00037676383313253254,0.003147408084219487,14
temporal_front,mean,8,random_gain,0.001474479722480189,1.6604033620383366e-05,0.003125882779868168,14
temporal_front,mean,8,vs_p12,-0.004956212016380269,-0.008576813629768826,-0.0016259552859417947,14
temporal_front,mean,9,drop,0.004477797487613685,0.0025569367118904248,0.0071176697865135705,14
temporal_front,mean,9,time_gain,-0.00019548817173760058,-0.001415796496871615,0.001244298109996687,14
temporal_front,mean,9,random_gain,0.001528199981055179,3.328838322022599e-05,0.00342791613423229,14
temporal_front,mean,9,vs_p12,-0.00490249175780528,-0.006893457678049667,-0.0030954632160958913,14
temporal_front,mean,10,drop,0.0019055390437925607,0.001087064789364513,0.002770407324553486,14
temporal_front,mean,10,time_gain,-0.0005549618222267331,-0.001465817300614211,0.0001850002940842581,14
temporal_front,mean,10,random_gain,-0.0010440584627659458,-0.002038042414308008,-0.00022419795027335022,14
temporal_front,mean,10,vs_p12,-0.007474750201626404,-0.010737368796946752,-0.004795498344407078,14
temporal_front,mean,11,drop,0.006629290776126054,0.0043894340807350855,0.009194805658927297,14
temporal_front,mean,11,time_gain,0.0012212597073122389,-0.00031808907511972784,0.0027764126356870544,14
temporal_front,mean,11,random_gain,0.003679693269567548,0.0015745777278326101,0.005671658291566265,14
temporal_front,mean,11,vs_p12,-0.0027509984692929107,-0.004696115369783162,-0.0008022732357154314,14
temporal_front,mean,12,drop,0.009380289245418965,0.006712353822097205,0.012618249242605675,14
temporal_front,mean,12,time_gain,0.001672408369521256,-0.0007075875452575042,0.004389238279908215,14
temporal_front,mean,12,random_gain,0.006430691738860457,0.004094826648889346,0.009068222234022922,14
temporal_front,mean,12,vs_p12,0.0,0.0,0.0,14
temporal_front,blur,1,drop,0.00460576068009892,0.0024110813477725606,0.0069625392666912145,14
temporal_front,blur,1,time_gain,0.003565755360979348,0.0021668309309979,0.004987498824265645,14
temporal_front,blur,1,random_gain,0.0044707961025350585,0.002523708954675023,0.006464134536740789,14
temporal_front,blur,1,vs_p12,0.0012426279650094654,-0.000836624647393408,0.003233131445260866,14
temporal_front,blur,2,drop,0.0021498551173341524,0.0010819497255392632,0.0031628740411977756,14
temporal_front,blur,2,time_gain,0.0013419763092092256,0.0005232939714882529,0.002119513978654972,14
temporal_front,blur,2,random_gain,0.002014890539770291,0.0011044208069538285,0.0028650777569949382,14
temporal_front,blur,2,vs_p12,-0.0012132775977553023,-0.0026131297627369106,0.00012031462861135439,14
temporal_front,blur,3,drop,0.004107077541258941,0.0022951401781677065,0.006022141729373522,14
temporal_front,blur,3,time_gain,0.002130844660005452,0.0009734989954035765,0.003357308853059274,14
temporal_front,blur,3,random_gain,0.00397211296369508,0.00256289236730261,0.005523603192794934,14
temporal_front,blur,3,vs_p12,0.0007439448261694863,-0.0008774430980338668,0.0026177726579032046,14
temporal_front,blur,4,drop,0.0030361562636578615,0.0013320336550425135,0.0048320861646121436,14
temporal_front,blur,4,time_gain,0.002389292618493461,0.0011453863953640472,0.0037900166276745887,14
temporal_front,blur,4,random_gain,0.002901191686094001,0.0013227967294112462,0.00449244709577857,14
temporal_front,blur,4,vs_p12,-0.00032697645143159315,-0.002664786562655945,0.0021009678149592347,14
temporal_front,blur,5,drop,0.0010505787707821687,-0.0005490257333141584,0.003127288859267911,14
temporal_front,blur,5,time_gain,-0.00027366956807630034,-0.00171010294918518,0.0015234631962289667,14
temporal_front,blur,5,random_gain,0.0009156141932183077,-0.0004016773416028179,0.0027022709315296756,14
temporal_front,blur,5,vs_p12,-0.002312553944307286,-0.004373609108262943,3.255122137482519e-05,14
temporal_front,blur,6,drop,0.0006692492940299262,-0.0005559700000874508,0.002070413261705956,14
temporal_front,blur,6,time_gain,0.00044468458856223805,-0.0003378416704312511,0.0013743400524675665,14
temporal_front,blur,6,random_gain,0.000534284716466065,-0.0004342065057789062,0.0016144656413777758,14
temporal_front,blur,6,vs_p12,-0.0026938834210595286,-0.004127144011428781,-0.0012065360092454911,14
temporal_front,blur,7,drop,0.0012878439531067948,0.00011724783358075551,0.002694014291657228,14
temporal_front,blur,7,time_gain,-0.00054019976330276,-0.0019605127847940555,0.0009565209007693264,14
temporal_front,blur,7,random_gain,0.0011528793755429337,6.936685823381719e-06,0.0023830958213293917,14
temporal_front,blur,7,vs_p12,-0.00207528876198266,-0.003708921919807932,-0.0006444890631818008,14
temporal_front,blur,8,drop,0.0023597873988801454,0.001121703346297698,0.0036985964830200343,14
temporal_front,blur,8,time_gain,0.002061184184219895,0.0012259763499963992,0.002935647978860022,14
temporal_front,blur,8,random_gain,0.002224822821316284,0.001269580483509856,0.003243299469475089,14
temporal_front,blur,8,vs_p12,-0.0010033453162093095,-0.0026229316238071967,0.0006047878324176683,14
temporal_front,blur,9,drop,-0.00015297924759879615,-0.001061979901087606,0.0008882192199774465,14
temporal_front,blur,9,time_gain,-0.00101988413603577,-0.0016716568914004859,-0.00039743426797366377,14
temporal_front,blur,9,random_gain,-0.00028794382516265726,-0.0010473221618950907,0.0004477183265166307,14
temporal_front,blur,9,vs_p12,-0.003516111962688251,-0.004933253493229925,-0.00212845277372665,14
temporal_front,blur,10,drop,0.0001906801820097313,-0.0005116793547706831,0.0008897852895756571,14
temporal_front,blur,10,time_gain,0.00016862062212473554,-0.00040412446219948605,0.000723165156726305,14
temporal_front,blur,10,random_gain,5.5715604445870185e-05,-0.0004074815035517722,0.0004960069226740645,14
temporal_front,blur,10,vs_p12,-0.0031724525330797232,-0.004618109083213669,-0.001697909694087666,14
temporal_front,blur,11,drop,0.0010186390059251451,-8.699337984439293e-05,0.002243584581824614,14
temporal_front,blur,11,time_gain,-0.0001759668657247547,-0.0011842424993964624,0.0008938910228211458,14
temporal_front,blur,11,random_gain,0.0008836744283612839,-0.0002238146490430944,0.0020481959468520183,14
temporal_front,blur,11,vs_p12,-0.0023444937091643098,-0.0039065681414835645,-0.0008722487527334068,14
temporal_front,blur,12,drop,0.0033631327150894547,0.0017801064429580284,0.0049732524004620785,14
temporal_front,blur,12,time_gain,0.0013561297763459053,9.411023509796573e-05,0.002641499662033455,14
temporal_front,blur,12,random_gain,0.0032281681375255942,0.0019599921276195332,0.004471815755889807,14
temporal_front,blur,12,vs_p12,0.0,0.0,0.0,14
temporal_middle,mean,1,drop,0.004628585644747274,0.0036592832580609794,0.005756479681692823,14
temporal_middle,mean,1,time_gain,-0.0006539716580065983,-0.0016015513314065941,0.0003006546584470863,14
temporal_middle,mean,1,random_gain,3.458693236144771e-05,-0.0006854666251538444,0.0008388082205306512,14
temporal_middle,mean,1,vs_p12,-0.003771930120944828,-0.004887978629546244,-0.0025553952569320033,14
temporal_middle,mean,2,drop,0.013723351722444797,0.011631959632932691,0.016042773895582438,14
temporal_middle,mean,2,time_gain,0.006782799631853848,0.004376106715949856,0.009017250807305553,14
temporal_middle,mean,2,random_gain,0.009129353010058973,0.006860223389674793,0.011550619737554607,14
temporal_middle,mean,2,vs_p12,0.005322835956752695,0.002306565134180108,0.008515390120851098,14
temporal_middle,mean,3,drop,0.007646212830958946,0.00622404277461621,0.009170545185876766,14
temporal_middle,mean,3,time_gain,0.002362327672410561,0.001181330660006395,0.0037043893307813916,14
temporal_middle,mean,3,random_gain,0.003052214118573119,0.002037542640489801,0.004289214054372511,14
temporal_middle,mean,3,vs_p12,-0.0007543029347331563,-0.0021182771709453586,0.0005592899676550579,14
temporal_middle,mean,4,drop,0.006374988623687532,0.005009610860316273,0.008112565644523615,14
temporal_middle,mean,4,time_gain,0.00046112880129362254,-0.0008538517835311844,0.0022015871084100956,14
temporal_middle,mean,4,random_gain,0.0017809899113017064,0.00014560666132728084,0.0036522885549521464,14
temporal_middle,mean,4,vs_p12,-0.00202552714200457,-0.004107810415878971,0.0003778299989987516,14
temporal_middle,mean,5,drop,0.0053399327668043495,0.004018281734794236,0.0068342997135015056,14
temporal_middle,mean,5,time_gain,-0.0018125126462070734,-0.002683520006593417,-0.0010068623820158392,14
temporal_middle,mean,5,random_gain,0.0007459340544185235,-7.425040759783266e-05,0.0015324641672927956,14
temporal_middle,mean,5,vs_p12,-0.0030605829988877525,-0.003928562558196272,-0.0022140484697169413,14
temporal_middle,mean,6,drop,0.006410470749902364,0.004719135318750724,0.008271333926790561,14
temporal_middle,mean,6,time_gain,0.000654749334524019,-0.0004242663433480287,0.001782216922988201,14
temporal_middle,mean,6,random_gain,0.0018164720375165378,0.0005946026377403168,0.0031023790034057194,14
temporal_middle,mean,6,vs_p12,-0.001990045015789738,-0.0033717498345313605,-0.000667487230838152,14
temporal_middle,mean,7,drop,0.004975598098532192,0.0036492817202205693,0.006682430146423654,14
temporal_middle,mean,7,time_gain,-0.0018902801373370816,-0.002731203553134923,-0.0010373226568959075,14
temporal_middle,mean,7,random_gain,0.00038159938614636585,-0.0009406233536219449,0.0018140971398546198,14
temporal_middle,mean,7,vs_p12,-0.00342491766715991,-0.004836452173774122,-0.002072413356475832,14
temporal_middle,mean,8,drop,0.007617546826886653,0.00612554979585419,0.009217714203184457,14
temporal_middle,mean,8,time_gain,0.0022319464645577758,0.0008290537271933932,0.0036417037304378604,14
temporal_middle,mean,8,random_gain,0.003023548114500827,0.0018775524616643498,0.004286344475893877,14
temporal_middle,mean,8,vs_p12,-0.0007829689388054491,-0.0023384482716440427,0.0007857393417510982,14
temporal_middle,mean,9,drop,0.004331387803487178,0.0032858094901573394,0.005572393608484269,14
temporal_middle,mean,9,time_gain,-0.0007435872722492818,-0.0016671423585727986,0.00019099723916892684,14
temporal_middle,mean,9,random_gain,-0.00026261090889864865,-0.0011752929754663584,0.0006611463589239577,14
temporal_middle,mean,9,vs_p12,-0.004069127962204925,-0.005240282138389469,-0.0030147691016107654,14
temporal_middle,mean,10,drop,0.003063224085034923,0.002207437720771518,0.004088130632617322,14
temporal_middle,mean,10,time_gain,-0.0013066714377145921,-0.0020827528062553665,-0.0005733742655373264,14
temporal_middle,mean,10,random_gain,-0.0015307746273509036,-0.0023521377407325467,-0.0008047516550388684,14
temporal_middle,mean,10,vs_p12,-0.005337291680657179,-0.006845753527401322,-0.003913148730285655,14
temporal_middle,mean,11,drop,0.008101861698155592,0.006781105619875462,0.009550610425337289,14
temporal_middle,mean,11,time_gain,0.0017262731987054334,0.00064883083351949,0.002967034733435012,14
temporal_middle,mean,11,random_gain,0.003507862985769766,0.0021998590956031788,0.005022560308352342,14
temporal_middle,mean,11,vs_p12,-0.0002986540675365095,-0.0019099112126424226,0.0014023359584439997,14
temporal_middle,mean,12,drop,0.008400515765692102,0.006916570611084513,0.010012183955039274,14
temporal_middle,mean,12,time_gain,-0.00027026966296576194,-0.0012164590971639453,0.0007044722860830311,14
temporal_middle,mean,12,random_gain,0.0038065170533062758,0.002745613870370537,0.00479153613262051,14
temporal_middle,mean,12,vs_p12,0.0,0.0,0.0,14
temporal_middle,blur,1,drop,0.0018143894554266682,0.000997142519911894,0.0026304600371310294,14
temporal_middle,blur,1,time_gain,0.0003090964726706944,-0.0005763231943159286,0.0012043464243689593,14
temporal_middle,blur,1,random_gain,0.0003264782617180181,-0.00041320601870926537,0.0011327956439237895,14
temporal_middle,blur,1,vs_p12,0.00041351413699795635,-0.0005632567424684904,0.0014714525626847827,14
temporal_middle,blur,2,drop,0.00422500317187237,0.002598628985867167,0.0059903199362915825,14
temporal_middle,blur,2,time_gain,0.0026136796971543376,0.0016487896415058483,0.0036397125531530353,14
temporal_middle,blur,2,random_gain,0.0027370919781637203,0.0016259477550996128,0.0038734056924528866,14
temporal_middle,blur,2,vs_p12,0.0028241278534436587,0.0014134881407306143,0.004308572784409603,14
temporal_middle,blur,3,drop,0.00419113386413013,0.0026464659229418876,0.005909154784606643,14
temporal_middle,blur,3,time_gain,0.0028916557885944024,0.0017262278955771221,0.0042112271927432715,14
temporal_middle,blur,3,random_gain,0.00270322267042148,0.0015481271294744024,0.00399069567947462,14
temporal_middle,blur,3,vs_p12,0.0027902585457014184,0.0014844587632606933,0.004362927971462753,14
temporal_middle,blur,4,drop,0.0013885077086202013,0.0002596491636848295,0.0027267276234455256,14
temporal_middle,blur,4,time_gain,1.4152544966492683e-05,-0.0006516573267048128,0.000713313314782694,14
temporal_middle,blur,4,random_gain,-9.940348508844886e-05,-0.0008461095522356703,0.0007933042538857185,14
temporal_middle,blur,4,vs_p12,-1.2367609808510466e-05,-0.0010626321792871394,0.0011288177153939661,14
temporal_middle,blur,5,drop,0.0021161746788773694,0.0012408684547735268,0.003140660422978635,14
temporal_middle,blur,5,time_gain,0.0004143797079853229,-0.00032940631655220776,0.001150138268209464,14
temporal_middle,blur,5,random_gain,0.0006282634851687192,1.3046588972166387e-05,0.0012874366268872048,14
temporal_middle,blur,5,vs_p12,0.0007152993604486577,-0.0005327334369334393,0.001945720653889899,14
temporal_middle,blur,6,drop,0.0023850066514124945,0.0013362892182580421,0.0036352645557279086,14
temporal_middle,blur,6,time_gain,0.0006229493842009378,-7.724267905578167e-05,0.0013359079087879627,14
temporal_middle,blur,6,random_gain,0.0008970954577038442,0.00014107652996862933,0.0016995509438638946,14
temporal_middle,blur,6,vs_p12,0.0009841313329837825,-0.0005477265829199586,0.0025221639502801406,14
temporal_middle,blur,7,drop,0.0018845029763565454,0.0013439643558479414,0.002411589066813753,14
temporal_middle,blur,7,time_gain,0.0003905358442232509,-0.00045985621734380026,0.00119576359619551,14
temporal_middle,blur,7,random_gain,0.0003965917826478953,-0.00041076665704886515,0.0011921307793698616,14
temporal_middle,blur,7,vs_p12,0.0004836276579278336,-0.0007192461184395111,0.0015340865450315761,14
temporal_middle,blur,8,drop,0.003190492046784819,0.0019042992004035277,0.004584538043047573,14
temporal_middle,blur,8,time_gain,0.0015433744943380882,0.0006161111478138407,0.0024755131369608636,14
temporal_middle,blur,8,random_gain,0.0017025808530761691,0.0008938005927840415,0.0024962202951016796,14
temporal_middle,blur,8,vs_p12,0.0017896167283561074,0.0005508811022800834,0.0030109198820349337,14
temporal_middle,blur,9,drop,0.0008860247851813338,3.1521777340014825e-05,0.0019527214145414944,14
temporal_middle,blur,9,time_gain,-0.0004287811603237277,-0.0010628422434356842,0.00023954521691361063,14
temporal_middle,blur,9,random_gain,-0.0006018864085273164,-0.0011412563523504977,-3.507843847972751e-05,14
temporal_middle,blur,9,vs_p12,-0.0005148505332473781,-0.0016151204193457273,0.0006562390780983334,14
temporal_middle,blur,10,drop,0.0012768937744201086,0.00034645225128762197,0.00222359088028678,14
temporal_middle,blur,10,time_gain,-2.3067856200865108e-05,-0.0006345360807927026,0.0006580454693462871,14
temporal_middle,blur,10,random_gain,-0.00021101741928854158,-0.0008113220712935128,0.00047266732671366943,14
temporal_middle,blur,10,vs_p12,-0.00012398154400860322,-0.0014287297046698794,0.0011497443628208208,14
temporal_middle,blur,11,drop,0.002084222671260429,0.0014120921750118839,0.0027830492699457733,14
temporal_middle,blur,11,time_gain,0.0005038785864750351,-0.00023748609115535765,0.0012620279897312366,14
temporal_middle,blur,11,random_gain,0.0005963114775517787,-0.00010420709280195906,0.0013028109287724341,14
temporal_middle,blur,11,vs_p12,0.000683347352831717,-0.0001778311011125391,0.0014546036336443079,14
temporal_middle,blur,12,drop,0.0014008753184287118,0.00034066518318689434,0.00255120142059714,14
temporal_middle,blur,12,time_gain,-0.0004602917958053835,-0.0013806715168923976,0.00043154808763696205,14
temporal_middle,blur,12,random_gain,-8.703587527993834e-05,-0.0009193082593672678,0.0007842341850419157,14
temporal_middle,blur,12,vs_p12,0.0,0.0,0.0,14
temporal_back,mean,1,drop,0.010545091011464891,0.007330245330112372,0.014053471825113566,14
temporal_back,mean,1,time_gain,0.0011171900974649737,-0.0005846960900893795,0.002987569442483553,14
temporal_back,mean,1,random_gain,0.003698569367103798,0.0008589845005394188,0.006839518423324065,14
temporal_back,mean,1,vs_p12,0.00023489141105996283,-0.0027602082987304003,0.003254612189247332,14
temporal_back,mean,2,drop,0.015996946710704858,0.012114812634428157,0.020712596651613818,14
temporal_back,mean,2,time_gain,0.006872441018914418,0.003809611393222789,0.010659787130918719,14
temporal_back,mean,2,random_gain,0.009150425066343762,0.004709859810857994,0.014430625129993706,14
temporal_back,mean,2,vs_p12,0.005686747110299928,0.0006780116728718801,0.011544540243890532,14
temporal_back,mean,3,drop,0.021969132115639483,0.017931468216249434,0.026043703741930452,14
temporal_back,mean,3,time_gain,0.012134345107740616,0.008950480474255998,0.015467527496033933,14
temporal_back,mean,3,random_gain,0.015122610471278395,0.011277666372754933,0.0192091357765199,14
temporal_back,mean,3,vs_p12,0.011658932515234557,0.007511633185230811,0.015892062408097794,14
temporal_back,mean,4,drop,0.01313864601291934,0.009494576884249225,0.017897020639403596,14
temporal_back,mean,4,time_gain,-0.0003986073516821471,-0.0032227029992320864,0.002613442712053472,14
temporal_back,mean,4,random_gain,0.006292124368558247,0.0031972143705112656,0.010544994793976163,14
temporal_back,mean,4,vs_p12,0.002828446412514412,-0.000419892766988999,0.006171436847228072,14
temporal_back,mean,5,drop,0.0060101801412358645,0.004707688140333034,0.007400039117480094,14
temporal_back,mean,5,time_gain,-0.0017695729383231573,-0.0024492535992134425,-0.001059861118829852,14
temporal_back,mean,5,random_gain,-0.000836341503125229,-0.001843176313493424,0.00010882005702096663,14
temporal_back,mean,5,vs_p12,-0.004300019459169064,-0.006307767865198845,-0.0024405408675840226,14
temporal_back,mean,6,drop,0.017727035871957484,0.01442673719606067,0.02109034290919266,14
temporal_back,mean,6,time_gain,0.0011183600976655778,-0.0010051465777239455,0.0034599595164744295,14
temporal_back,mean,6,random_gain,0.010880514227596392,0.007881956960829337,0.014034383242714039,14
temporal_back,mean,6,vs_p12,0.007416836271552556,0.004721737618342298,0.010170899456644794,14
temporal_back,mean,7,drop,0.005186636595490243,0.003391511621984749,0.007735767194518804,14
temporal_back,mean,7,time_gain,-0.0030621518717544143,-0.004173146872370696,-0.0019620502397665078,14
temporal_back,mean,7,random_gain,-0.0016598850488708501,-0.003371372115201545,0.0006084086829100866,14
temporal_back,mean,7,vs_p12,-0.005123563004914685,-0.006775214415163008,-0.003666988397130654,14
temporal_back,mean,8,drop,0.006726880970458744,0.005491588873388365,0.007989968265543034,14
temporal_back,mean,8,time_gain,0.0008007047957424492,-7.018865383581954e-05,0.0016966862576592093,14
temporal_back,mean,8,random_gain,-0.00011964067390234938,-0.0013372276335763995,0.001098575869525564,14
temporal_back,mean,8,vs_p12,-0.0035833186299461845,-0.006161857776699928,-0.0012013583800101256,14
temporal_back,mean,9,drop,0.005319831587395312,0.004046666697232937,0.006697222795877468,14
temporal_back,mean,9,time_gain,-0.0027755532180699797,-0.003880038032660153,-0.0016436061589314177,14
temporal_back,mean,9,random_gain,-0.001526690056965781,-0.002766179408592206,-0.0002702022015161224,14
temporal_back,mean,9,vs_p12,-0.004990368013009616,-0.007703700148120313,-0.0024533524395098432,14
temporal_back,mean,10,drop,0.008064952818138849,0.0063146268096715705,0.010373858843378252,14
temporal_back,mean,10,time_gain,-0.00020510760923034654,-0.0016422302715079773,0.0012098304448950028,14
temporal_back,mean,10,random_gain,0.0012184311737777555,-0.0004326428148328003,0.0029334355667870672,14
temporal_back,mean,10,vs_p12,-0.00224524678226608,-0.00590691815861303,0.0012320236845857217,14
temporal_back,mean,11,drop,0.008118617525926233,0.006375256857431425,0.009913382816458587,14
temporal_back,mean,11,time_gain,0.000867622160091167,-0.0002660019546426504,0.0020420690330409308,14
temporal_back,mean,11,random_gain,0.0012720958815651408,-0.00013168390240457558,0.002705580266064382,14
temporal_back,mean,11,vs_p12,-0.0021915820744786946,-0.004506582594434045,-9.148150690519599e-05,14
temporal_back,mean,12,drop,0.010310199600404928,0.008183717516462059,0.012942601975874119,14
temporal_back,mean,12,time_gain,-0.001557331481886177,-0.0033049249369021838,-0.0001762766018307214,14
temporal_back,mean,12,random_gain,0.0034636779560438358,0.001336971651113855,0.005897692502626879,14
temporal_back,mean,12,vs_p12,0.0,0.0,0.0,14
temporal_back,blur,1,drop,0.00915169216509572,0.006649937242858758,0.011870577070731818,14
temporal_back,blur,1,time_gain,0.0006566613465122953,-0.0012430475131938654,0.0027641670755213957,14
temporal_back,blur,1,random_gain,0.0035630632152931197,0.0009299864493019623,0.006394318698062467,14
temporal_back,blur,1,vs_p12,0.0006120295424637703,-0.0020336071988760395,0.0030416890918503166,14
temporal_back,blur,2,drop,0.013218330548021684,0.009662118115769308,0.01738282530204863,14
temporal_back,blur,2,time_gain,0.004615416788886551,0.001978065050194772,0.007557312171199305,14
temporal_back,blur,2,random_gain,0.007629701598219084,0.003744859286470725,0.01207393481500706,14
temporal_back,blur,2,vs_p12,0.0046786679253897345,0.001396333728358209,0.008508705150526416,14
temporal_back,blur,3,drop,0.020322920536021916,0.01690300223624559,0.023582855250795558,14
temporal_back,blur,3,time_gain,0.011210736785220247,0.008522728768907284,0.013913884859274743,14
temporal_back,blur,3,random_gain,0.014734291586219316,0.011227846007292203,0.018211026522111713,14
temporal_back,blur,3,vs_p12,0.011783257913389966,0.008768211839926902,0.014702088788737116,14
temporal_back,blur,4,drop,0.007728146801834106,0.005960455266821235,0.010104645218713671,14
temporal_back,blur,4,time_gain,-0.002055973383888331,-0.004587942697775985,0.00039820601418166985,14
temporal_back,blur,4,random_gain,0.002139517852031507,0.0003981239588821079,0.004255459164166909,14
temporal_back,blur,4,vs_p12,-0.0008115158207978432,-0.0026984617929903627,0.0011537187448745492,14
temporal_back,blur,5,drop,0.004821868501240699,0.0036730049547068913,0.006102830808964093,14
temporal_back,blur,5,time_gain,-0.002006739744828718,-0.0029751445654300243,-0.0010143845492816962,14
temporal_back,blur,5,random_gain,-0.0007667604485619006,-0.0016820047486025241,0.00012479925395940885,14
temporal_back,blur,5,vs_p12,-0.0037177941213912507,-0.005773052693756663,-0.001911853279133608,14
temporal_back,blur,6,drop,0.012808730673619262,0.01100657480565616,0.014481267359019017,14
temporal_back,blur,6,time_gain,-0.00039776716351677823,-0.0018620202933060492,0.001111183336962955,14
temporal_back,blur,6,random_gain,0.007220101723816662,0.0056726950588949195,0.008802538442466465,14
temporal_back,blur,6,vs_p12,0.0042690680509873125,0.0022617786051324453,0.006258922522130206,14
temporal_back,blur,7,drop,0.0035239217653742255,0.0022285515199108015,0.00504348726929932,14
temporal_back,blur,7,time_gain,-0.0035430551408633325,-0.00432412094947077,-0.0027794163499943914,14
temporal_back,blur,7,random_gain,-0.002064707184428374,-0.0031581001289587036,-0.0008822676908626059,14
temporal_back,blur,7,vs_p12,-0.0050157408572577234,-0.007138023974833217,-0.0032036705911230126,14
temporal_back,blur,8,drop,0.005836768811764743,0.0046300182327227305,0.00706298912136972,14
temporal_back,blur,8,time_gain,0.0008757607025856859,-4.2726188693995674e-05,0.0017367011195280283,14
temporal_back,blur,8,random_gain,0.0002481398619621435,-0.0008725454973684578,0.0013062958244020192,14
temporal_back,blur,8,vs_p12,-0.0027028938108672068,-0.004611996309079153,-0.000878234541352455,14
temporal_back,blur,9,drop,0.004148330272464822,0.0031730636132444824,0.005120372378950632,14
temporal_back,blur,9,time_gain,-0.002936332772155788,-0.003971643029489816,-0.001922154263519727,14
temporal_back,blur,9,random_gain,-0.0014402986773377772,-0.0023443715864749164,-0.0005687555627765282,14
temporal_back,blur,9,vs_p12,-0.0043913323501671275,-0.006523144421041472,-0.0024285729538546293,14
temporal_back,blur,10,drop,0.006814199562156802,0.0049897619960092955,0.008961066752552743,14
temporal_back,blur,10,time_gain,-0.0008118073320040965,-0.0023718725866187676,0.000786360898065306,14
temporal_back,blur,10,random_gain,0.0012255706123542028,-0.00018329334953682278,0.0027744118707360055,14
temporal_back,blur,10,vs_p12,-0.0017254630604751472,-0.004610892442254963,0.0013443637560486392,14
temporal_back,blur,11,drop,0.007153018981395016,0.005681461576223556,0.008752807304655505,14
temporal_back,blur,11,time_gain,0.000634084756326901,-0.0006303064281003756,0.0019282614731455858,14
temporal_back,blur,11,random_gain,0.0015643900315924168,0.0001470632365313383,0.0031905845061912384,14
temporal_back,blur,11,vs_p12,-0.0013866436412369335,-0.0033115970482870552,0.0005655649231536858,14
temporal_back,blur,12,drop,0.00853966262263195,0.00706638530120618,0.010174267453400259,14
temporal_back,blur,12,time_gain,-0.001722256741153732,-0.0033103516018703092,-0.00025689915462347174,14
temporal_back,blur,12,random_gain,0.0029510336728293504,0.0011288643033980478,0.004853500575599861,14
temporal_back,blur,12,vs_p12,0.0,0.0,0.0,14
spatial_block,mean,1,drop,0.017150226115271554,0.009709358853073995,0.024924649740183106,14
spatial_block,mean,1,time_gain,0.007905959007693699,0.0007864350041842677,0.015411630040553922,14
spatial_block,mean,1,random_gain,0.008651692564024033,0.0013332777267969457,0.016311458939335558,14
spatial_block,mean,1,vs_p12,0.004587639684665047,-0.002900736208441565,0.012291307672617572,14
spatial_block,mean,2,drop,0.02259058784488856,0.016451985899268367,0.029765010679953335,14
spatial_block,mean,2,time_gain,0.014090561830381097,0.008212097234620791,0.020824003880257826,14
spatial_block,mean,2,random_gain,0.014092054293641038,0.007985759315700369,0.021268450521630386,14
spatial_block,mean,2,vs_p12,0.010028001414282053,0.0042314138821473255,0.01721882572410687,14
spatial_block,mean,3,drop,0.019524416624594816,0.013702551391991759,0.026109333168673227,14
spatial_block,mean,3,time_gain,0.011414854013304608,0.005770511977754213,0.017867593409796732,14
spatial_block,mean,3,random_gain,0.011025883073347299,0.005463199359406991,0.01722658654513198,14
spatial_block,mean,3,vs_p12,0.006961830193988312,0.0005941012317466724,0.01386953142377628,14
spatial_block,mean,4,drop,0.009822727060152137,0.005808986797192788,0.014733883273503064,14
spatial_block,mean,4,time_gain,-0.002799741721854744,-0.006436072841460423,0.0014780151538917425,14
spatial_block,mean,4,random_gain,0.0013241935089046166,-0.0025485272981602353,0.006015286955335384,14
spatial_block,mean,4,vs_p12,-0.002739859370454369,-0.007277550975160766,0.0020364336043105224,14
spatial_block,mean,5,drop,0.023121418080851126,0.015174302950163343,0.03202922324795557,14
spatial_block,mean,5,time_gain,0.014583169855971068,0.006305925927986605,0.023867048167588206,14
spatial_block,mean,5,random_gain,0.014622884529603603,0.006504727303476156,0.023773890027508616,14
spatial_block,mean,5,vs_p12,0.010558831650244618,0.003985718772031344,0.01830018113097079,14
spatial_block,mean,6,drop,0.009802267815361785,0.0071695980632173455,0.012707927443897161,14
spatial_block,mean,6,time_gain,-0.000559849167335053,-0.0032867685172741296,0.0024834118212127467,14
spatial_block,mean,6,random_gain,0.001303734264114266,-0.0016558966136819937,0.004687587805582849,14
spatial_block,mean,6,vs_p12,-0.00276031861524472,-0.007363376667469507,0.0019931443016645424,14
spatial_block,mean,7,drop,0.003954352005441412,0.002402403768612525,0.006377101559306574,14
spatial_block,mean,7,time_gain,-0.005156760287082647,-0.007061327008165991,-0.0026543716561032754,14
spatial_block,mean,7,random_gain,-0.004544181545806108,-0.0060459213648758545,-0.0022221284197056442,14
spatial_block,mean,7,vs_p12,-0.008608234425165093,-0.011210226511679949,-0.006234190055123652,14
spatial_block,mean,8,drop,0.006511921635385427,0.004563136773371313,0.00876664390077191,14
spatial_block,mean,8,time_gain,-0.001447069825096424,-0.003940252719282367,0.0012024997258084453,14
spatial_block,mean,8,random_gain,-0.0019866119158620933,-0.003882509731358623,0.0001519200354848671,14
spatial_block,mean,8,vs_p12,-0.006050664795221079,-0.010550485387273158,-0.0016543233515039831,14
spatial_block,mean,9,drop,0.009507668027428449,0.007295173814883261,0.011762630457088948,14
spatial_block,mean,9,time_gain,3.594920655950849e-05,-0.001871041150636888,0.0019420164906720427,14
spatial_block,mean,9,random_gain,0.0010091344761809294,-0.0013347879454044707,0.0032976895049677004,14
spatial_block,mean,9,vs_p12,-0.0030549184031780563,-0.007356693458106222,0.0007342247514910102,14
spatial_block,mean,10,drop,0.008919277351446795,0.0053443813794362745,0.012671121757238318,14
spatial_block,mean,10,time_gain,4.2648683509247135e-05,-0.0030273272970710724,0.0032957059316618587,14
spatial_block,mean,10,random_gain,0.00042074380019927534,-0.0029277874966840574,0.003962507486748895,14
spatial_block,mean,10,vs_p12,-0.00364330907915971,-0.009318221204782293,0.001960013446322047,14
spatial_block,mean,11,drop,0.010146212337142326,0.006963452794011182,0.013610363584112,14
spatial_block,mean,11,time_gain,0.001468290604368828,-0.001885659697181166,0.004967822122396386,14
spatial_block,mean,11,random_gain,0.0016476787858948053,-0.0016001491748431455,0.005165122202896396,14
spatial_block,mean,11,vs_p12,-0.0024163740934641798,-0.0073771577158554145,0.0027578948094736204,14
spatial_block,mean,12,drop,0.012562586430606506,0.009551820175248048,0.01588214853536176,14
spatial_block,mean,12,time_gain,0.0036950296067247597,0.000774336397744837,0.006836302525550607,14
spatial_block,mean,12,random_gain,0.004064052879358985,0.0011814216483002431,0.007317587873722393,14
spatial_block,mean,12,vs_p12,0.0,0.0,0.0,14
spatial_block,blur,1,drop,0.010668535720872865,0.00614848787828066,0.015390578576146325,14
spatial_block,blur,1,time_gain,0.002415027584617,-0.0026173381271695916,0.0076318786315254196,14
spatial_block,blur,1,random_gain,0.002739873172863161,-0.0018783851343122705,0.007615113365457675,14
spatial_block,blur,1,vs_p12,0.0009676238669254053,-0.004143177918194694,0.006296138702286295,14
spatial_block,blur,2,drop,0.015546627313673012,0.012130886025769675,0.019161805192848352,14
spatial_block,blur,2,time_gain,0.007346509999242064,0.003791216706688778,0.011078674318492023,14
spatial_block,blur,2,random_gain,0.007617964765663309,0.0041598990385019905,0.011248694909767341,14
spatial_block,blur,2,vs_p12,0.005845715459725552,0.0018915118223475534,0.010116321190430884,14
spatial_block,blur,3,drop,0.015086851707820814,0.01149514437588757,0.018928552819685873,14
spatial_block,blur,3,time_gain,0.007621576969907471,0.004335151801783155,0.011233553284503137,14
spatial_block,blur,3,random_gain,0.007158189159811112,0.0038560298185550527,0.010765206495567625,14
spatial_block,blur,3,vs_p12,0.005385939853873355,0.0016049582991742512,0.0089173609716164,14
spatial_block,blur,4,drop,0.0066299252827690435,0.0045242972006998665,0.00898207449339471,14
spatial_block,blur,4,time_gain,-0.0035026838943318954,-0.006370181225263034,-0.0005762762616179767,14
spatial_block,blur,4,random_gain,-0.00129873726524066,-0.003733207725115649,0.0012468573303878495,14
spatial_block,blur,4,vs_p12,-0.0030709865711784157,-0.006482443382922263,0.00020846206446531343,14
spatial_block,blur,5,drop,0.01762031109999354,0.011906839718783736,0.023694873053850003,14
spatial_block,blur,5,time_gain,0.009635094600353658,0.004609613400584234,0.014953447410288014,14
spatial_block,blur,5,random_gain,0.009691648551983836,0.004487806157859269,0.015102341437440832,14
spatial_block,blur,5,vs_p12,0.007919399246046082,0.0038994329142119774,0.012157150755330779,14
spatial_block,blur,6,drop,0.008748067138828688,0.0069201903777499725,0.010740909195537069,14
spatial_block,blur,6,time_gain,-5.814489201833444e-05,-0.0021793430204750347,0.0021964125841260045,14
spatial_block,blur,6,random_gain,0.0008194045908189861,-0.0013793527039020355,0.0031743634027908067,14
spatial_block,blur,6,vs_p12,-0.0009528447151187701,-0.004396795989822355,0.002492758993109064,14
spatial_block,blur,7,drop,0.003570060872764549,0.0020505583212997165,0.0058668614281040185,14
spatial_block,blur,7,time_gain,-0.0048011284935126535,-0.006277677359474846,-0.002820716272946784,14
spatial_block,blur,7,random_gain,-0.004358601675245153,-0.005671805946411563,-0.0025619841349003377,14
spatial_block,blur,7,vs_p12,-0.00613085098118291,-0.008561864504505105,-0.0037030508236290402,14
spatial_block,blur,8,drop,0.005850803236353642,0.00439784386853736,0.007377252804050665,14
spatial_block,blur,8,time_gain,-0.0020496282641939275,-0.004234917892809329,-1.9817839250557772e-05,14
spatial_block,blur,8,random_gain,-0.0020778593116560604,-0.0037447887972438987,-0.0004513802866207514,14
spatial_block,blur,8,vs_p12,-0.0038501086175938165,-0.007190170005628462,-0.0005464686160365419,14
spatial_block,blur,9,drop,0.00933086996853513,0.007413600250210398,0.011157822745161828,14
spatial_block,blur,9,time_gain,0.000688042967785305,-0.0015690386319238115,0.0027234803946684163,14
spatial_block,blur,9,random_gain,0.0014022074205254256,-0.0008564103035612038,0.003441946349252063,14
spatial_block,blur,9,vs_p12,-0.0003700418854123303,-0.00417408210820596,0.003110396932083773,14
spatial_block,blur,10,drop,0.007338971563840224,0.005343196286105557,0.009414520277890361,14
spatial_block,blur,10,time_gain,-0.0005613979518942015,-0.0029813347085271328,0.0019466810968323445,14
spatial_block,blur,10,random_gain,-0.0005896909841694786,-0.00299596427806449,0.0018700473522477198,14
spatial_block,blur,10,vs_p12,-0.0023619402901072345,-0.006637433426446034,0.0017965528929025257,14
spatial_block,blur,11,drop,0.009309006472846723,0.006497235044704246,0.01243115595399413,14
spatial_block,blur,11,time_gain,0.0009309899878161357,-0.0024582433283819316,0.004544298552830882,14
spatial_block,blur,11,random_gain,0.00138034392483702,-0.0016621215772152744,0.004794126758797598,14
spatial_block,blur,11,vs_p12,-0.0003919053811007362,-0.004654518337882636,0.0044078877386120275,14
spatial_block,blur,12,drop,0.00970091185394746,0.00671469698271321,0.012872719081119907,14
spatial_block,blur,12,time_gain,0.001667733091800293,-0.0006819394768083184,0.004068802195013984,14
spatial_block,blur,12,random_gain,0.0017722493059377563,-0.0006798843777464885,0.0042155258166385505,14
spatial_block,blur,12,vs_p12,0.0,0.0,0.0,14
spatial_scattered,mean,1,drop,0.010125555375506579,0.007930829365231021,0.012291621819737964,14
spatial_scattered,mean,1,time_gain,0.003957104900420496,0.001963720549476907,0.005985598103676936,14
spatial_scattered,mean,1,random_gain,0.004720660826471953,0.0027374001909136396,0.006836773068955714,14
spatial_scattered,mean,1,vs_p12,0.00679301851250557,0.00400096468172012,0.00956432015943269,14
spatial_scattered,mean,2,drop,0.010578158208168422,0.008772402092389936,0.012454869032102467,14
spatial_scattered,mean,2,time_gain,0.004644438758831104,0.0025859162737226888,0.006781060085151643,14
spatial_scattered,mean,2,random_gain,0.005173263659133798,0.0031402991054613233,0.007228189471139524,14
spatial_scattered,mean,2,vs_p12,0.0072456213451674144,0.004313975530410142,0.010083299981763572,14
spatial_scattered,mean,3,drop,0.016146272834205094,0.01353832575397498,0.01906166646697251,14
spatial_scattered,mean,3,time_gain,0.010302519692630508,0.008074694219171086,0.01265636306819938,14
spatial_scattered,mean,3,random_gain,0.01074137828517047,0.00850894969532157,0.013205386769475285,14
spatial_scattered,mean,3,vs_p12,0.012813735971204086,0.01023908771655562,0.01556056502227117,14
spatial_scattered,mean,4,drop,0.003677391293163127,0.0023166046797817768,0.005293048447707096,14
spatial_scattered,mean,4,time_gain,-0.0030046590789698543,-0.004031461050698836,-0.0019345673684738071,14
spatial_scattered,mean,4,random_gain,-0.0017275032558714991,-0.002484631731945664,-0.000873538184223051,14
spatial_scattered,mean,4,vs_p12,0.0003448544301621178,-0.0008987056292058382,0.0015242469554780699,14
spatial_scattered,mean,5,drop,0.005292055228564907,0.0031962595739317367,0.007645267392738864,14
spatial_scattered,mean,5,time_gain,-0.0006090987059865374,-0.002147127110218189,0.0010443391042010048,14
spatial_scattered,mean,5,random_gain,-0.0001128393204697189,-0.0015237700949737745,0.0013836636902695583,14
spatial_scattered,mean,5,vs_p12,0.001959518365563898,0.00039898972360788513,0.0038413097197733123,14
spatial_scattered,mean,6,drop,0.004395898558155508,0.0028832482985501878,0.006092577384679779,14
spatial_scattered,mean,6,time_gain,-0.0019896016941951928,-0.0033045235490709625,-0.0005151053630076852,14
spatial_scattered,mean,6,random_gain,-0.0010089959908791187,-0.0022679696376003613,0.0004288994895580171,14
spatial_scattered,mean,6,vs_p12,0.0010633616951544983,-0.0006077298184244276,0.00269473297399099,14
spatial_scattered,mean,7,drop,0.001960338144434621,0.0009348315324042741,0.003093182619946279,14
spatial_scattered,mean,7,time_gain,-0.0038346426792764945,-0.004795612599907056,-0.0028059724872709743,14
spatial_scattered,mean,7,random_gain,-0.0034445564046000046,-0.004420503847704705,-0.002454590739806337,14
spatial_scattered,mean,7,vs_p12,-0.001372198718566388,-0.0026738554270934706,-0.0002977812103503974,14
spatial_scattered,mean,8,drop,0.009823281103898851,0.008111327002931686,0.01232673636583631,14
spatial_scattered,mean,8,time_gain,0.0040336206442187095,0.0026336605265319273,0.0056410637766796615,14
spatial_scattered,mean,8,random_gain,0.004418386554864225,0.0029439514486818354,0.006145511256208941,14
spatial_scattered,mean,8,vs_p12,0.006490744240897842,0.00502650788239307,0.007956754863948439,14
spatial_scattered,mean,9,drop,0.004894086814729756,0.0034459687514519378,0.00636616923540552,14
spatial_scattered,mean,9,time_gain,-0.0012908416027698766,-0.0023630658001417,-6.01070067376746e-05,14
spatial_scattered,mean,9,random_gain,-0.0005108077343048701,-0.0015970578514639716,0.0007338410052551042,14
spatial_scattered,mean,9,vs_p12,0.0015615499517287468,9.095717171499867e-05,0.0031664684227852543,14
spatial_scattered,mean,10,drop,0.010093424686865598,0.008201472306442076,0.01203281015462297,14
spatial_scattered,mean,10,time_gain,0.004020892344763615,0.0024687357619244477,0.005656071816135842,14
spatial_scattered,mean,10,random_gain,0.004688530137830973,0.0030373805131795263,0.006431464479400228,14
spatial_scattered,mean,10,vs_p12,0.006760887823864589,0.004545074538025657,0.009049950463194144,14
spatial_scattered,mean,11,drop,0.0005433173544156035,-0.0002084153721319206,0.001320668335798342,14
spatial_scattered,mean,11,time_gain,-0.0052295296471658575,-0.005989138463063917,-0.0046192804554166245,14
spatial_scattered,mean,11,random_gain,-0.004861577194619022,-0.0056425138688381655,-0.004151143853917526,14
spatial_scattered,mean,11,vs_p12,-0.0027892195085854055,-0.0043227280841298035,-0.0015473642578982723,14
spatial_scattered,mean,12,drop,0.003332536863001009,0.001749521107970206,0.005289058946670291,14
spatial_scattered,mean,12,time_gain,-0.00256192590858388,-0.0037206025012273326,-0.0012928173952579745,14
spatial_scattered,mean,12,random_gain,-0.002072357686033617,-0.0031909375628188935,-0.0008397014703092931,14
spatial_scattered,mean,12,vs_p12,0.0,0.0,0.0,14
spatial_scattered,blur,1,drop,0.007779409550486925,0.006582214417351628,0.009003294245535292,14
spatial_scattered,blur,1,time_gain,0.0023783007117041954,0.0011211315860562994,0.0037158842393605583,14
spatial_scattered,blur,1,random_gain,0.0028109794713006087,0.0015261518841589569,0.0042156907390730036,14
spatial_scattered,blur,1,vs_p12,0.004914807249982033,0.002878286616161536,0.0069668021971928135,14
spatial_scattered,blur,2,drop,0.00821210027739115,0.00703907993459594,0.009389219575803708,14
spatial_scattered,blur,2,time_gain,0.0030034482591436104,0.0014718572275221025,0.004626280504033538,14
spatial_scattered,blur,2,random_gain,0.003243670198204834,0.001895609692088683,0.00465801688121893,14
spatial_scattered,blur,2,vs_p12,0.005347497976886257,0.00304498624336932,0.007511987112181713,14
spatial_scattered,blur,3,drop,0.01160509793708108,0.009995552203775118,0.013256244396617222,14
spatial_scattered,blur,3,time_gain,0.006574127070601367,0.004701620120594176,0.008301431069479368,14
spatial_scattered,blur,3,random_gain,0.006636667857894763,0.004806261935724568,0.008335852795067314,14
spatial_scattered,blur,3,vs_p12,0.008740495636576187,0.00692553982430972,0.010498921011986254,14
spatial_scattered,blur,4,drop,0.0020901838277932066,0.001280532813834466,0.00290383032463135,14
spatial_scattered,blur,4,time_gain,-0.0029267425872692024,-0.0037386547320251234,-0.0020888309303328935,14
spatial_scattered,blur,4,random_gain,-0.0028782462513931096,-0.0036858461918264367,-0.0020568065505439403,14
spatial_scattered,blur,4,vs_p12,-0.0007744184727116862,-0.002219474924070594,0.0005125492762707975,14
spatial_scattered,blur,5,drop,0.004269499528729522,0.0030736860563054637,0.005492332974065244,14
spatial_scattered,blur,5,time_gain,-0.0007674003822946829,-0.0019089025877584843,0.0004940452532045621,14
spatial_scattered,blur,5,random_gain,-0.0006989305504567939,-0.0018388965000368338,0.00048394888813468867,14
spatial_scattered,blur,5,vs_p12,0.00140489722822463,0.00012918666520812967,0.0026967813228184504,14
spatial_scattered,blur,6,drop,0.003498042779540887,0.0026195111167486027,0.004387043683684651,14
spatial_scattered,blur,6,time_gain,-0.0016587540139053455,-0.0027482582748027664,-0.0004932563326748499,14
spatial_scattered,blur,6,random_gain,-0.0014703872996454294,-0.0024449152216465837,-0.00043675873502863375,14
spatial_scattered,blur,6,vs_p12,0.0006334404790359944,-0.0007148213968098353,0.0019271727574359284,14
spatial_scattered,blur,7,drop,0.0014689037078674527,0.0005586576369399424,0.002375515249980266,14
spatial_scattered,blur,7,time_gain,-0.0035726257622621113,-0.004660612761109865,-0.0024853208158688673,14
spatial_scattered,blur,7,random_gain,-0.0034995263713188634,-0.004530976716595298,-0.0024985424437343404,14
spatial_scattered,blur,7,vs_p12,-0.00139569859263744,-0.002794953223207349,-0.00015457292783190547,14
spatial_scattered,blur,8,drop,0.008842790194904178,0.0074057584866052024,0.010392345156460413,14
spatial_scattered,blur,8,time_gain,0.003966178596105321,0.0027221147424893355,0.005286982543283356,14
spatial_scattered,blur,8,random_gain,0.0038743601157178622,0.0027158096518843057,0.005194168834370161,14
spatial_scattered,blur,8,vs_p12,0.005978187894399285,0.004474004391783791,0.007407903670172056,14
spatial_scattered,blur,9,drop,0.0036125585919284226,0.002732835275320551,0.004602930368613799,14
spatial_scattered,blur,9,time_gain,-0.0015791515298805585,-0.002614192978327324,-0.0004697433537823793,14
spatial_scattered,blur,9,random_gain,-0.0013558714872578936,-0.002353875656929844,-0.00034026730933951814,14
spatial_scattered,blur,9,vs_p12,0.0007479562914235302,-0.0008208688089471188,0.002386414505329317,14
spatial_scattered,blur,10,drop,0.007944572784597204,0.0066761323826675075,0.009115017836926474,14
spatial_scattered,blur,10,time_gain,0.0030076008400145627,0.0017658429486102874,0.004308071561904051,14
spatial_scattered,blur,10,random_gain,0.0029761427054108875,0.0017788421427888468,0.004161496564390182,14
spatial_scattered,blur,10,vs_p12,0.005079970484092311,0.003255554322846582,0.0067840683418414795,14
spatial_scattered,blur,11,drop,0.00041106231786441113,-0.00025175065408299406,0.0010457346195106374,14
spatial_scattered,blur,11,time_gain,-0.004430365099905316,-0.005331575565605481,-0.003559533419520158,14
spatial_scattered,blur,11,random_gain,-0.004557367761321905,-0.005313281024125819,-0.003832813845224435,14
spatial_scattered,blur,11,vs_p12,-0.0024535399826404814,-0.0039709919112353555,-0.0010919527977222585,14
spatial_scattered,blur,12,drop,0.0028646023005048926,0.0014479153579640737,0.004475480845042407,14
spatial_scattered,blur,12,time_gain,-0.0022042748515138048,-0.0032351208979910784,-0.001040817296675289,14
spatial_scattered,blur,12,random_gain,-0.0021038277786814235,-0.0032703714257071785,-0.0007415307249063609,14
spatial_scattered,blur,12,vs_p12,0.0,0.0,0.0,14
all,mean,1,drop,0.010597211317753099,0.008518339851593818,0.012743122327024677,14
all,mean,1,time_gain,0.0035230490646845536,0.002018282806483163,0.00503360677141503,14
all,mean,1,random_gain,0.0049385021250355834,0.0031930545674881588,0.006716436932745059,14
all,mean,1,vs_p12,0.0017999857367283964,0.00016517188251692017,0.0034698208140103476,14
all,mean,2,drop,0.014221445235800738,0.012601159205476381,0.015960006069490534,14
all,mean,2,time_gain,0.007337281556551631,0.005768998005713059,0.008909052566622624,14
all,mean,2,random_gain,0.008562736043083224,0.006585865547192349,0.010535931636453732,14
all,mean,2,vs_p12,0.0054242196547760356,0.0030765454785918476,0.007716260641243976,14
all,mean,3,drop,0.015416409556426272,0.014080377999556004,0.017067005694699454,14
all,mean,3,time_gain,0.008166578802744026,0.006964887585226799,0.009614156159457375,14
all,mean,3,random_gain,0.009757700363708757,0.008384710822557,0.011484147062140775,14
all,mean,3,vs_p12,0.006619183975401568,0.004885234547486531,0.008686988867442368,14
all,mean,4,drop,0.007825887361065018,0.006573349119077772,0.009096796886841098,14
all,mean,4,time_gain,-0.0004696873642451126,-0.0014568281461439867,0.0005622044409614151,14
all,mean,4,random_gain,0.0021671781683475027,0.001192830955166768,0.003197027772990138,14
all,mean,4,vs_p12,-0.0009713382199596847,-0.002149112963245926,0.00016056933921047292,14
all,mean,5,drop,0.008925469914598213,0.006477156669344191,0.011796850758664754,14
all,mean,5,time_gain,0.001967843535689189,-0.00018294680464569054,0.004455996975515345,14
all,mean,5,random_gain,0.003266760721880699,0.0012481288780900024,0.005578046360870524,14
all,mean,5,vs_p12,0.00012824433357351122,-0.0018277672172543073,0.0025253709660935496,14
all,mean,6,drop,0.008594903101694506,0.007090755174430755,0.010189483519326074,14
all,mean,6,time_gain,0.00011864116570795119,-0.0008705030349279364,0.001158385678051667,14
all,mean,6,random_gain,0.002936193908976992,0.0016453539097393232,0.004220709235126426,14
all,mean,6,vs_p12,-0.00020232247933019536,-0.0015481844816789536,0.0012872747516596175,14
all,mean,7,drop,0.004895087698499826,0.00398895608551408,0.005887247501169343,14
all,mean,7,time_gain,-0.002856468061738259,-0.003485526630672068,-0.0021679865007050428,14
all,mean,7,random_gain,-0.0007636214942176887,-0.0017300560375282654,0.00024108244204258227,14
all,mean,7,vs_p12,-0.0039021378825248765,-0.004881305892151471,-0.0029611695154403784,14
all,mean,8,drop,0.007020741553133674,0.006001658403277994,0.008371148138491758,14
all,mean,8,time_gain,0.001446278857186526,0.0005854822806755337,0.0024237519469291263,14
all,mean,8,random_gain,0.0013620323604161596,0.0006446943821060414,0.002206414016338366,14
all,mean,8,vs_p12,-0.0017764840278910279,-0.0032423008674869395,-0.00025915992101281155,14
all,mean,9,drop,0.005706154344130876,0.004904362040835856,0.0065688012457069764,14
all,mean,9,time_gain,-0.0009939042116534457,-0.0014357748229381956,-0.0006238964429186868,14
all,mean,9,random_gain,4.74451514133617e-05,-0.000550691116250733,0.0006261699528744815,14
all,mean,9,vs_p12,-0.0030910712368938257,-0.00439395684194634,-0.0019065334217078077,14
all,mean,10,drop,0.006409283597055745,0.005374666889589986,0.007441827199558629,14
all,mean,10,time_gain,0.0003993600318202381,-0.0006109005519532565,0.0014505040372394227,14
all,mean,10,random_gain,0.0007505744043382308,-0.0002367022298909501,0.0017854318531793458,14
all,mean,10,vs_p12,-0.0023879419839689564,-0.004154498521478348,-0.0006107564280035637,14
all,mean,11,drop,0.006707859938353163,0.005644242872075564,0.007773074975946415,14
all,mean,11,time_gain,1.0783204662362e-05,-0.0008839442101060345,0.0010032304248741792,14
all,mean,11,random_gain,0.0010491507456356474,7.221735020883149e-05,0.002082396558443819,14
all,mean,11,vs_p12,-0.00208936564267154,-0.003339921370396734,-0.0008297931468502734,14
all,mean,12,drop,0.008797225581024701,0.007619018351938985,0.01003206091359626,14
all,mean,12,time_gain,0.00019558218456203948,-0.0008163801762720504,0.0011926106965186843,14
all,mean,12,random_gain,0.0031385163883071872,0.0022333589522811085,0.004120062862182286,14
all,mean,12,vs_p12,0.0,0.0,0.0,14
all,blur,1,drop,0.006803957514396219,0.005624803838275604,0.00800096526604836,14
all,blur,1,time_gain,0.0018649682952967066,0.0007658497078699943,0.002976377745883226,14
all,blur,1,random_gain,0.0027822380447419933,0.0016344114281744999,0.00391619059771044,14
all,blur,1,vs_p12,0.0016301205522757257,0.00048262081328844956,0.002782675064072054,14
all,blur,2,drop,0.008670383285658475,0.007607492887200557,0.009759202948249406,14
all,blur,2,time_gain,0.003784206210727157,0.0027523433860899087,0.004893117921601679,14
all,blur,2,random_gain,0.004648663816004248,0.00347177260829743,0.005833129607326559,14
all,blur,2,vs_p12,0.00349654632353798,0.0021786539169496334,0.0048151980740532944,14
all,blur,3,drop,0.011062616317262576,0.009917003019293668,0.012200112512670391,14
all,blur,3,time_gain,0.006085788254865788,0.005384784333799882,0.00680738674171887,14
all,blur,3,random_gain,0.0070408968476083494,0.0061747002691496045,0.007899618494202698,14
all,blur,3,vs_p12,0.0058887793551420835,0.004899049535353976,0.006802990509134117,14
all,blur,4,drop,0.0041745839769348845,0.0034274995094819025,0.004967210806528095,14
all,blur,4,time_gain,-0.0012163909404058952,-0.0022954506554284356,-8.130066222881914e-05,14
all,blur,4,random_gain,0.00015286450728065802,-0.0006682414211132239,0.001091307882730725,14
all,blur,4,vs_p12,-0.0009992529851856097,-0.0019063166201550297,-6.806635058944694e-05,14
all,blur,5,drop,0.00597568651592466,0.004340685751040269,0.0077969899268595984,14
all,blur,5,time_gain,0.0014003329226278563,0.0001638394610638983,0.0028095518396835904,14
all,blur,5,random_gain,0.001953967046270434,0.0006438079665838344,0.003384617318341183,14
all,blur,5,vs_p12,0.0008018495538041667,-0.0005668459492713935,0.002319337002630908,14
all,blur,6,drop,0.005621819307486251,0.004701041987472815,0.006588120862089233,14
all,blur,6,time_gain,-0.00020940641933545645,-0.0009713510514092559,0.0005648227155250356,14
all,blur,6,random_gain,0.0016000998378320256,0.0008251478684335846,0.0024346447903106734,14
all,blur,6,vs_p12,0.0004479823453657581,-0.0007373964188284841,0.0016508960617826016,14
all,blur,7,drop,0.002347046655093913,0.0018114320289375865,0.002951369647285494,14
all,blur,7,time_gain,-0.0024132946631435204,-0.0030917573090908433,-0.0017514040331030407,14
all,blur,7,random_gain,-0.0016746728145603125,-0.0023297620096274217,-0.0010142990156689427,14
all,blur,7,vs_p12,-0.00282679030702658,-0.003835660606164378,-0.0018566075309252212,14
all,blur,8,drop,0.005216128337737505,0.004370178814106001,0.006223061358576362,14
all,blur,8,time_gain,0.0012793739426110126,0.0006091567450185611,0.002006320460218281,14
all,blur,8,random_gain,0.0011944088680832796,0.0005861581203287937,0.0018738284438839013,14
all,blur,8,vs_p12,4.229137561701196e-05,-0.000948306918841985,0.001075182033508715,14
all,blur,9,drop,0.003564960874102182,0.0029435382125994913,0.004199247901771442,14
all,blur,9,time_gain,-0.0010552213261221077,-0.0018701148752800001,-0.00034575893876355424,14
all,blur,9,random_gain,-0.00045675859555204364,-0.0011420556510399384,0.00012752333789727257,14
all,blur,9,vs_p12,-0.0016088760880183114,-0.002846166604132627,-0.00043224362558144127,14
all,blur,10,drop,0.004713063573404815,0.003973152594483247,0.005502814284707618,14
all,blur,10,time_gain,0.00035598966440802705,-0.000410857449446353,0.001128137908592259,14
all,blur,10,random_gain,0.0006913441037505881,1.4685670107012039e-05,0.0013927872690126556,14
all,blur,10,vs_p12,-0.0004607733887156796,-0.0017468251218442398,0.0008434019284478044,14
all,blur,11,drop,0.003995189889858345,0.0033875427844973684,0.004654755127805914,14
all,blur,11,time_gain,-0.0005074757270023998,-0.0014577390987235183,0.00046155305803910555,14
all,blur,11,random_gain,-2.6529579795881207e-05,-0.0007949752226431306,0.0007858691695185388,14
all,blur,11,vs_p12,-0.0011786470722621489,-0.0023602251426224742,-1.5095190314765224e-05,14
all,blur,12,drop,0.005173836962120494,0.004074735499884291,0.006245939778587819,14
all,blur,12,time_gain,-0.00027259210406534434,-0.001024515940316474,0.0004702677524132063,14
all,blur,12,random_gain,0.0011521174924662674,0.0003296169947759114,0.0019867003681771273,14
all,blur,12,vs_p12,0.0,0.0,0.0,14
